{
	"null":[],
	"tagged":true,
	"tracking_batch":false,
	"tracking_max_tracklet_length":600,
	"tracking_saveimages":true,
	"tracking_saveavi":false,
	"tracking_post_commands":[],
	"single_video_post_commands":[],
	"tracking_classifyaftertracking":false,
	"videos_reader":"ffreader",
	"videos_first_frame_to_track":1,
	"videos_track_on_interrupt":false,
	"videos_downsample":false,
	"videos_downsample_factor":1,
	"geometry_scale0":9.3611E-5,
	"geometry_rscale":9.2342295249754053E-5,
	"geometry_scale_tool_meas":65,
	"geometry_scale_tool":"Line",
	"geometry_scale_tool_params":{"type":"ellipse","SemiAxes":[350.25157100207718,353.65122699744649],"Center":[503.66559485530547,363.08681672025733],"RotationAngle":0,"Vertices":[[853.91716585738266,363.08681672025733],[853.7787207580725,373.02932575192574],[853.36349910730871,382.96389943719089],[852.67184142110386,392.88261308796456],[851.7043156438217,402.7775468713661],[850.46171573688014,412.64080778291822],[848.94505949815175,422.46453969224837],[847.1555897691851,432.24091219457551],[845.09477702163281,441.96211602528081],[842.7643038448274,451.62043625869478],[840.16607567320875,461.20819167793684],[837.30222403333926,470.7177348570828],[834.17508532711713,480.14152588055117],[830.78720683184429,489.47210067383213],[827.14135395628591,498.70205271889523],[823.24050773363342,507.82404709081163],[819.08782690298756,516.83090528545677],[814.68668445993467,525.71551277405467],[810.04067438605443,534.470817302925],[805.15354857998682,543.08994968510422],[800.02925581480019,551.56613962725646],[794.67194905450265,559.89270887177327],[789.08596865484037,568.06310293162937],[783.27579203062612,576.07095919760161],[777.24609459158626,583.91001305333532],[771.00176009795712,591.57409486872893],[764.54777071361684,599.05726614003538],[757.8892891546609,606.353709309901],[751.03165883377983,613.457734087879],[743.98037419683408,620.363812291117],[736.74102454895058,627.06662739976832],[729.31937306549378,633.56099372662788],[721.72136554757139,639.84185746140975],[713.95299563445906,645.90440886286592],[706.02041010918379,651.74398760074769],[697.92990321099944,657.3560924791791],[689.687886643757,662.73640546837828],[681.30082422034752,667.88083021761361],[672.77532276966576,672.7854298913378],[664.11813054954973,677.44643497111815],[655.33601634739887,681.8603088731619],[646.43585891929661,686.02369418934143],[637.42464402716314,689.93341739220273],[628.30944610723122,693.58649946772948],[619.09735407080734,696.98018333828134],[609.79556186818036,700.11189519312529],[600.41135214461588,702.97925498137033],[590.95202043983193,705.58009989343054],[581.42492101710582,707.91246692888478],[571.83747098228469,709.97459304784047],[562.1971419091127,711.76491894020546],[552.51139930308807,713.28209948272752],[542.78776606627889,714.52499045167235],[533.03379819324277,715.49265447938751],[523.25705843366927,716.18436369624692],[513.46512538417346,716.59959767502824],[503.66559485530547,716.73804371770382],[493.86606432643754,716.59959767502824],[484.07413127694167,716.18436369624692],[474.29739151736817,715.49265447938751],[464.54342364433211,714.52499045167235],[454.81979040752287,713.28209948272752],[445.13404780149824,711.76491894020546],[435.49371872832626,709.97459304784047],[425.90626869350518,707.91246692888478],[416.37916927077907,705.58009989343054],[406.91983756599507,702.97925498137033],[397.5356278424307,700.11189519312529],[388.23383563980366,696.98018333828134],[379.02174360337978,693.58649946772948],[369.90654568344792,689.93341739220273],[360.89533079131445,686.02369418934143],[351.99517336321207,681.8603088731619],[343.21305916106121,677.44643497111815],[334.55586694094524,672.7854298913378],[326.03036549026342,667.88083021761361],[317.64330306685395,662.73640546837828],[309.40128649961161,657.3560924791791],[301.31077960142716,651.74398760074769],[293.37819407615183,645.90440886286592],[285.6098241630396,639.84185746140975],[278.01181664511716,633.56099372662788],[270.59016516166048,627.06662739976855],[263.35081551377687,620.363812291117],[256.29953087683111,613.457734087879],[249.4419005559501,606.35370930990109],[242.7834189969941,599.05726614003538],[236.32942961265388,591.57409486872893],[230.08509511902469,583.91001305333532],[224.05539767998482,576.07095919760161],[218.24522105577057,568.06310293162949],[212.6592406561083,559.89270887177327],[207.30193389581075,551.56613962725646],[202.17764113062424,543.08994968510433],[197.29051532455651,534.47081730292507],[192.64450525067633,525.71551277405456],[188.24336280762338,516.83090528545677],[184.09068197697758,507.82404709081152],[180.18983575432497,498.70205271889523],[176.54398287876666,489.47210067383213],[173.15610438349381,480.14152588055128],[170.02896567727169,470.71773485708286],[167.16511403740213,461.20819167793695],[164.5668858657836,451.62043625869484],[162.23641268897808,441.96211602528081],[160.17559994142579,432.24091219457551],[158.38613021245914,422.46453969224842],[156.86947397373081,412.64080778291816],[155.62687406678924,402.7775468713661],[154.65934828950714,392.88261308796456],[153.96769060330223,382.96389943719095],[153.55246895253845,373.02932575192585],[153.41402385322829,363.08681672025739],[153.55246895253845,353.14430768858892],[153.96769060330223,343.20973400332377],[154.65934828950714,333.29102035255016],[155.62687406678924,323.39608656914862],[156.86947397373081,313.53282565759656],[158.38613021245914,303.70909374826635],[160.17559994142579,293.93272124593921],[162.23641268897802,284.21151741523397],[164.56688586578355,274.55319718181988],[167.16511403740213,264.96544176257777],[170.02896567727163,255.45589858343189],[173.15610438349381,246.03210755996349],[176.54398287876666,236.70153276668259],[180.18983575432492,227.47158072161952],[184.09068197697752,218.3495863497032],[188.24336280762333,209.34272815505798],[192.64450525067627,200.45812066646013],[197.29051532455645,191.70281613758971],[202.17764113062418,183.08368375541039],[207.30193389581069,174.60749381325826],[212.6592406561083,166.28092456874151],[218.24522105577051,158.1105305088852],[224.05539767998476,150.10267424291311],[230.08509511902463,142.2636203871794],[236.32942961265377,134.59953857178579],[242.78341899699404,127.1163673004794],[249.44190055595004,119.81992413061369],[256.29953087683106,112.71589935263574],[263.35081551377681,105.80982114939775],[270.59016516166037,99.107006040746285],[278.01181664511711,92.612639713886779],[285.60982416303955,86.331775979104918],[293.37819407615189,80.269224577648629],[301.31077960142693,74.42964583976709],[309.4012864996115,68.817540961335567],[317.64330306685395,63.437227972136327],[326.03036549026348,58.292803222901],[334.555866940945,53.388203549176922],[343.2130591610611,48.727198469396569],[351.99517336321196,44.313324567352822],[360.89533079131434,40.14993925117335],[369.9065456834478,36.240216048311993],[379.02174360337966,32.587133972785239],[388.23383563980354,29.193450102233328],[397.53562784243059,26.061738247389428],[406.9198375659949,23.194378459144389],[416.379169270779,20.593533547084121],[425.90626869350513,18.261166511629938],[435.49371872832614,16.199040392674135],[445.134047801498,14.408714500309316],[454.81979040752265,12.89153395778726],[464.54342364433194,11.648642988842312],[474.29739151736817,10.680978961127209],[484.07413127694156,9.9892697442676877],[493.86606432643765,9.5740357654863715],[503.66559485530541,9.4355897228108461],[513.46512538417323,9.5740357654863715],[523.25705843366927,9.9892697442676877],[533.03379819324266,10.680978961127209],[542.78776606627889,11.648642988842312],[552.51139930308818,12.89153395778726],[562.19714190911282,14.408714500309259],[571.83747098228469,16.199040392674135],[581.4249210171057,18.261166511629881],[590.95202043983181,20.593533547084064],[600.41135214461588,23.194378459144389],[609.79556186818024,26.061738247389371],[619.09735407080723,29.193450102233328],[628.30944610723111,32.587133972785239],[637.424644027163,36.240216048311879],